{"cameraMode":{"drawMode":2,"name":"Shaded Wireframe","section":"Shading Mode"},"sceneLighting":false,"audioPlay":false,"sceneViewState":{"showFog":true,"showMaterialUpdate":true,"showSkybox":false,"showFlares":true,"showImageEffects":true,"showParticleSystems":true},"in2DMode":false,"pivot":{"x":-1.268420934677124,"y":1.6451447010040284,"z":0.2913549542427063},"rotation":{"x":0.13660302758216859,"y":0.5965172052383423,"z":-0.10393213480710983,"w":0.7840313911437988},"size":1.4866929054260255,"orthographic":false}