{"cameraMode":{"drawMode":2,"name":"Shaded Wireframe","section":"Shading Mode"},"sceneLighting":false,"audioPlay":false,"sceneViewState":{"showFog":true,"showMaterialUpdate":true,"showSkybox":false,"showFlares":true,"showImageEffects":true,"showParticleSystems":true},"in2DMode":false,"pivot":{"x":-6.208465099334717,"y":12.260217666625977,"z":-5.3888092041015629},"rotation":{"x":-0.09560708701610565,"y":-0.10669993609189987,"z":0.010307803750038147,"w":-0.9896314740180969},"size":10.0,"orthographic":false}