{"cameraMode":{"drawMode":2,"name":"Shaded Wireframe","section":"Shading Mode"},"sceneLighting":false,"audioPlay":false,"sceneViewState":{"showFog":true,"showMaterialUpdate":true,"showSkybox":false,"showFlares":true,"showImageEffects":true,"showParticleSystems":true},"in2DMode":false,"pivot":{"x":48.217185974121097,"y":8.67731761932373,"z":-21.397024154663087},"rotation":{"x":0.3140447437763214,"y":0.016516653820872308,"z":-0.005464407615363598,"w":0.949249804019928},"size":33.63784408569336,"orthographic":false}