{"cameraMode":{"drawMode":2,"name":"Shaded Wireframe","section":"Shading Mode"},"sceneLighting":true,"audioPlay":false,"sceneViewState":{"showFog":true,"showMaterialUpdate":true,"showSkybox":true,"showFlares":true,"showImageEffects":true,"showParticleSystems":true},"in2DMode":false,"pivot":{"x":52.8804931640625,"y":3.4120895862579347,"z":0.2209339141845703},"rotation":{"x":0.07945702970027924,"y":0.1881399303674698,"z":-0.015272784978151322,"w":0.978804349899292},"size":2.9240593910217287,"orthographic":false}