{"cameraMode":{"drawMode":2,"name":"Shaded Wireframe","section":"Shading Mode"},"sceneLighting":true,"audioPlay":false,"sceneViewState":{"showFog":true,"showMaterialUpdate":true,"showSkybox":true,"showFlares":true,"showImageEffects":true,"showParticleSystems":true},"in2DMode":false,"pivot":{"x":30.40171241760254,"y":-5.602958679199219,"z":11.291351318359375},"rotation":{"x":0.20606762170791627,"y":0.17217591404914857,"z":-0.0368599034845829,"w":0.9625672101974487},"size":85.38314819335938,"orthographic":false}