{"cameraMode":{"drawMode":2,"name":"Shaded Wireframe","section":"Shading Mode"},"sceneLighting":false,"audioPlay":false,"sceneViewState":{"showFog":true,"showMaterialUpdate":true,"showSkybox":false,"showFlares":true,"showImageEffects":true,"showParticleSystems":true},"in2DMode":false,"pivot":{"x":156.6554412841797,"y":363.9950256347656,"z":61.8072509765625},"rotation":{"x":0.1500135213136673,"y":0.0637228712439537,"z":-0.00968925654888153,"w":0.9865812063217163},"size":216.8201141357422,"orthographic":false}