{"cameraMode":{"drawMode":2,"name":"Shaded Wireframe","section":"Shading Mode"},"sceneLighting":false,"audioPlay":false,"sceneViewState":{"showFog":true,"showMaterialUpdate":true,"showSkybox":false,"showFlares":true,"showImageEffects":true,"showParticleSystems":true},"in2DMode":false,"pivot":{"x":-2.958162784576416,"y":0.9536246061325073,"z":1.3161919116973878},"rotation":{"x":0.19843898713588715,"y":0.33689090609550478,"z":-0.0728631392121315,"w":0.9175066947937012},"size":2.274744987487793,"orthographic":false}