{"cameraMode":{"drawMode":2,"name":"Shaded Wireframe","section":"Shading Mode"},"sceneLighting":false,"audioPlay":false,"sceneViewState":{"showFog":true,"showMaterialUpdate":true,"showSkybox":false,"showFlares":true,"showImageEffects":true,"showParticleSystems":true},"in2DMode":false,"pivot":{"x":-1.3260788917541505,"y":3.260003089904785,"z":0.2637134790420532},"rotation":{"x":0.09709209203720093,"y":0.1516672819852829,"z":-0.014971977099776268,"w":0.9835391640663147},"size":0.8240603804588318,"orthographic":false}