{"cameraMode":{"drawMode":2,"name":"Shaded Wireframe","section":"Shading Mode"},"sceneLighting":false,"audioPlay":false,"sceneViewState":{"showFog":true,"showMaterialUpdate":true,"showSkybox":false,"showFlares":true,"showImageEffects":true,"showParticleSystems":true},"in2DMode":false,"pivot":{"x":346.719970703125,"y":469.2428283691406,"z":70.19000244140625},"rotation":{"x":0.1500135213136673,"y":0.0637228712439537,"z":-0.00968925654888153,"w":0.9865812063217163},"size":351.8671875,"orthographic":false}