{"cameraMode":{"drawMode":2,"name":"Shaded Wireframe","section":"Shading Mode"},"sceneLighting":true,"audioPlay":false,"sceneViewState":{"showFog":true,"showMaterialUpdate":true,"showSkybox":true,"showFlares":true,"showImageEffects":true,"showParticleSystems":true},"in2DMode":false,"pivot":{"x":6.655893325805664,"y":6.417713165283203,"z":1.1992359161376954},"rotation":{"x":0.10928122699260712,"y":-0.0014910163590684534,"z":0.00016392202815040946,"w":0.9940099716186523},"size":7.350048542022705,"orthographic":false}