{"cameraMode":{"drawMode":2,"name":"Shaded Wireframe","section":"Shading Mode"},"sceneLighting":false,"audioPlay":false,"sceneViewState":{"showFog":true,"showMaterialUpdate":true,"showSkybox":false,"showFlares":true,"showImageEffects":true,"showParticleSystems":true},"in2DMode":false,"pivot":{"x":7.2490925788879398,"y":6.471456527709961,"z":-21.610851287841798},"rotation":{"x":0.3140447437763214,"y":0.016516653820872308,"z":-0.005464407615363598,"w":0.949249804019928},"size":13.855113983154297,"orthographic":false}