{"cameraMode":{"drawMode":2,"name":"Shaded Wireframe","section":"Shading Mode"},"sceneLighting":false,"audioPlay":false,"sceneViewState":{"showFog":true,"showMaterialUpdate":true,"showSkybox":false,"showFlares":true,"showImageEffects":true,"showParticleSystems":true},"in2DMode":false,"pivot":{"x":5.431194305419922,"y":0.9898438453674316,"z":31.595436096191408},"rotation":{"x":0.10782856494188309,"y":0.2765180766582489,"z":-0.0312401931732893,"w":0.9544289708137512},"size":37.5948371887207,"orthographic":false}