{"cameraMode":{"drawMode":2,"name":"Shaded Wireframe","section":"Shading Mode"},"sceneLighting":true,"audioPlay":false,"sceneViewState":{"showFog":true,"showMaterialUpdate":true,"showSkybox":true,"showFlares":true,"showImageEffects":true,"showParticleSystems":true},"in2DMode":false,"pivot":{"x":4.190000057220459,"y":4.6596808433532719,"z":-0.009999990463256836},"rotation":{"x":0.2130354791879654,"y":0.07904166728258133,"z":-0.01729395240545273,"w":0.9736891388893127},"size":0.9795323014259338,"orthographic":false}