{"cameraMode":{"drawMode":2,"name":"Shaded Wireframe","section":"Shading Mode"},"sceneLighting":false,"audioPlay":false,"sceneViewState":{"showFog":true,"showMaterialUpdate":true,"showSkybox":false,"showFlares":true,"showImageEffects":true,"showParticleSystems":true},"in2DMode":false,"pivot":{"x":-1.8365521430969239,"y":1.866642951965332,"z":1.1532516479492188},"rotation":{"x":0.01166169997304678,"y":0.23564407229423524,"z":-0.0028277586679905655,"w":0.97176593542099},"size":1.7866928577423096,"orthographic":false}