{"cameraMode":{"drawMode":2,"name":"Shaded Wireframe","section":"Shading Mode"},"sceneLighting":false,"audioPlay":false,"sceneViewState":{"showFog":true,"showMaterialUpdate":true,"showSkybox":false,"showFlares":true,"showImageEffects":true,"showParticleSystems":true},"in2DMode":false,"pivot":{"x":53.59009552001953,"y":-2.254133939743042,"z":-0.432117223739624},"rotation":{"x":0.07945702970027924,"y":0.1881399303674698,"z":-0.015272784978151322,"w":0.978804349899292},"size":2.913206100463867,"orthographic":false}