{"cameraMode":{"drawMode":2,"name":"Shaded Wireframe","section":"Shading Mode"},"sceneLighting":false,"audioPlay":false,"sceneViewState":{"showFog":true,"showMaterialUpdate":true,"showSkybox":false,"showFlares":true,"showImageEffects":true,"showParticleSystems":true},"in2DMode":false,"pivot":{"x":23.56263542175293,"y":0.2327539324760437,"z":0.27581119537353518},"rotation":{"x":0.054766830056905749,"y":0.06136864796280861,"z":-0.0033724105451256038,"w":0.9966058731079102},"size":0.5036202073097229,"orthographic":false}