{"cameraMode":{"drawMode":2,"name":"Shaded Wireframe","section":"Shading Mode"},"sceneLighting":true,"audioPlay":false,"sceneViewState":{"showFog":true,"showMaterialUpdate":true,"showSkybox":true,"showFlares":true,"showImageEffects":true,"showParticleSystems":true},"in2DMode":false,"pivot":{"x":-1.866234302520752,"y":-4.068331718444824,"z":5.594367980957031},"rotation":{"x":0.1500135213136673,"y":0.0637228712439537,"z":-0.00968925654888153,"w":0.9865812063217163},"size":23.148698806762697,"orthographic":false}