{"cameraMode":{"drawMode":2,"name":"Shaded Wireframe","section":"Shading Mode"},"sceneLighting":false,"audioPlay":false,"sceneViewState":{"showFog":true,"showMaterialUpdate":true,"showSkybox":false,"showFlares":true,"showImageEffects":true,"showParticleSystems":true},"in2DMode":false,"pivot":{"x":4.731563091278076,"y":3.0774593353271486,"z":-1.3677542209625245},"rotation":{"x":0.10941646993160248,"y":0.7547036409378052,"z":-0.13032707571983338,"w":0.6336138248443604},"size":6.161750793457031,"orthographic":false}