{"cameraMode":{"drawMode":2,"name":"Shaded Wireframe","section":"Shading Mode"},"sceneLighting":true,"audioPlay":false,"sceneViewState":{"showFog":true,"showMaterialUpdate":true,"showSkybox":true,"showFlares":true,"showImageEffects":true,"showParticleSystems":true},"in2DMode":false,"pivot":{"x":416.6159362792969,"y":340.4754638671875,"z":-6.3714599609375},"rotation":{"x":0.047931160777807239,"y":0.04582952335476875,"z":-0.0022013052366673948,"w":0.997804582118988},"size":330.13763427734377,"orthographic":false}