{"cameraMode":{"drawMode":2,"name":"Shaded Wireframe","section":"Shading Mode"},"sceneLighting":false,"audioPlay":false,"sceneViewState":{"showFog":true,"showMaterialUpdate":true,"showSkybox":false,"showFlares":true,"showImageEffects":true,"showParticleSystems":true},"in2DMode":false,"pivot":{"x":17.774520874023439,"y":4.668142318725586,"z":0.5537128448486328},"rotation":{"x":0.09819092601537705,"y":0.03134225681424141,"z":-0.003094096900895238,"w":0.9946703314781189},"size":6.016629695892334,"orthographic":false}