{"cameraMode":{"drawMode":2,"name":"Shaded Wireframe","section":"Shading Mode"},"sceneLighting":true,"audioPlay":false,"sceneViewState":{"showFog":true,"showMaterialUpdate":true,"showSkybox":true,"showFlares":true,"showImageEffects":true,"showParticleSystems":true},"in2DMode":false,"pivot":{"x":35.307273864746097,"y":12.727958679199219,"z":-0.9444313049316406},"rotation":{"x":0.20140790939331056,"y":0.07484983652830124,"z":-0.015437989495694638,"w":0.976523756980896},"size":26.217193603515626,"orthographic":false}