{"cameraMode":{"drawMode":2,"name":"Shaded Wireframe","section":"Shading Mode"},"sceneLighting":false,"audioPlay":false,"sceneViewState":{"showFog":true,"showMaterialUpdate":true,"showSkybox":false,"showFlares":true,"showImageEffects":true,"showParticleSystems":true},"in2DMode":false,"pivot":{"x":74.05397033691406,"y":0.7899874448776245,"z":-0.2742908000946045},"rotation":{"x":0.27672892808914187,"y":0.02680402435362339,"z":-0.00772249698638916,"w":0.960545003414154},"size":3.947214365005493,"orthographic":false}