{"cameraMode":{"drawMode":2,"name":"Shaded Wireframe","section":"Shading Mode"},"sceneLighting":false,"audioPlay":false,"sceneViewState":{"showFog":true,"showMaterialUpdate":true,"showSkybox":false,"showFlares":true,"showImageEffects":true,"showParticleSystems":true},"in2DMode":false,"pivot":{"x":19.736989974975587,"y":21.66844940185547,"z":19.702476501464845},"rotation":{"x":0.1500135213136673,"y":0.0637228712439537,"z":-0.00968925654888153,"w":0.9865812063217163},"size":48.0295295715332,"orthographic":false}