{"cameraMode":{"drawMode":2,"name":"Shaded Wireframe","section":"Shading Mode"},"sceneLighting":true,"audioPlay":false,"sceneViewState":{"showFog":true,"showMaterialUpdate":true,"showSkybox":true,"showFlares":true,"showImageEffects":true,"showParticleSystems":true},"in2DMode":false,"pivot":{"x":-1.8727293014526368,"y":2.220492362976074,"z":-0.35846900939941409},"rotation":{"x":-0.11672984063625336,"y":-0.27564650774002077,"z":0.033743031322956088,"w":-0.9535506367683411},"size":4.731057167053223,"orthographic":false}