{"cameraMode":{"drawMode":2,"name":"Shaded Wireframe","section":"Shading Mode"},"sceneLighting":true,"audioPlay":false,"sceneViewState":{"showFog":true,"showMaterialUpdate":true,"showSkybox":true,"showFlares":true,"showImageEffects":true,"showParticleSystems":true},"in2DMode":false,"pivot":{"x":5.0799994468688969,"y":3.940000057220459,"z":-0.11408543586730957},"rotation":{"x":0.20140790939331056,"y":0.07484983652830124,"z":-0.015437989495694638,"w":0.976523756980896},"size":2.2121477127075197,"orthographic":false}