{"cameraMode":{"drawMode":2,"name":"Shaded Wireframe","section":"Shading Mode"},"sceneLighting":false,"audioPlay":false,"sceneViewState":{"showFog":true,"showMaterialUpdate":true,"showSkybox":false,"showFlares":true,"showImageEffects":true,"showParticleSystems":true},"in2DMode":false,"pivot":{"x":-2.799999952316284,"y":3.509999990463257,"z":0.0},"rotation":{"x":0.11375272274017334,"y":-0.002980523044243455,"z":0.0003412592050153762,"w":0.9935045838356018},"size":0.6461387276649475,"orthographic":false}