{"cameraMode":{"drawMode":2,"name":"Shaded Wireframe","section":"Shading Mode"},"sceneLighting":false,"audioPlay":false,"sceneViewState":{"showFog":true,"showMaterialUpdate":true,"showSkybox":false,"showFlares":true,"showImageEffects":true,"showParticleSystems":true},"in2DMode":false,"pivot":{"x":73.30714416503906,"y":5.05439567565918,"z":-11.899703979492188},"rotation":{"x":0.06534452736377716,"y":0.014968031086027623,"z":-0.0009798939572647215,"w":0.9977526068687439},"size":13.572853088378907,"orthographic":false}