{"cameraMode":{"drawMode":2,"name":"Shaded Wireframe","section":"Shading Mode"},"sceneLighting":false,"audioPlay":false,"sceneViewState":{"showFog":true,"showMaterialUpdate":true,"showSkybox":false,"showFlares":true,"showImageEffects":true,"showParticleSystems":true},"in2DMode":false,"pivot":{"x":74.65017700195313,"y":1.2668588161468506,"z":-0.4602785110473633},"rotation":{"x":0.2088167518377304,"y":0.10042773932218552,"z":-0.02156328223645687,"w":0.9725475311279297},"size":3.647214412689209,"orthographic":false}