{"cameraMode":{"drawMode":2,"name":"Shaded Wireframe","section":"Shading Mode"},"sceneLighting":false,"audioPlay":false,"sceneViewState":{"showFog":true,"showMaterialUpdate":true,"showSkybox":false,"showFlares":true,"showImageEffects":true,"showParticleSystems":true},"in2DMode":false,"pivot":{"x":54.650001525878909,"y":-2.1000001430511476,"z":-0.8280856609344482},"rotation":{"x":0.07945702970027924,"y":0.1881399303674698,"z":-0.015272784978151322,"w":0.978804349899292},"size":2.024059534072876,"orthographic":false}