{"cameraMode":{"drawMode":2,"name":"Shaded Wireframe","section":"Shading Mode"},"sceneLighting":false,"audioPlay":false,"sceneViewState":{"showFog":true,"showMaterialUpdate":true,"showSkybox":false,"showFlares":true,"showImageEffects":true,"showParticleSystems":true},"in2DMode":false,"pivot":{"x":2.506810426712036,"y":4.342562675476074,"z":-0.01107528805732727},"rotation":{"x":0.01166169997304678,"y":0.23564407229423524,"z":-0.0028277586679905655,"w":0.97176593542099},"size":0.461749792098999,"orthographic":false}