{"cameraMode":{"drawMode":2,"name":"Shaded Wireframe","section":"Shading Mode"},"sceneLighting":false,"audioPlay":false,"sceneViewState":{"showFog":true,"showMaterialUpdate":true,"showSkybox":false,"showFlares":true,"showImageEffects":true,"showParticleSystems":true},"in2DMode":false,"pivot":{"x":-11.72138500213623,"y":5.818221092224121,"z":6.971181869506836},"rotation":{"x":0.13431158661842347,"y":0.7834874987602234,"z":-0.18179641664028169,"w":0.5788429975509644},"size":1.686941146850586,"orthographic":false}