{"cameraMode":{"drawMode":2,"name":"Shaded Wireframe","section":"Shading Mode"},"sceneLighting":true,"audioPlay":false,"sceneViewState":{"showFog":true,"showMaterialUpdate":true,"showSkybox":true,"showFlares":true,"showImageEffects":true,"showParticleSystems":true},"in2DMode":false,"pivot":{"x":1.1444311141967774,"y":6.7343926429748539,"z":0.5438151359558106},"rotation":{"x":0.11375272274017334,"y":-0.002980523044243455,"z":0.0003412592050153762,"w":0.9935045838356018},"size":4.246138572692871,"orthographic":false}