{"cameraMode":{"drawMode":2,"name":"Shaded Wireframe","section":"Shading Mode"},"sceneLighting":false,"audioPlay":false,"sceneViewState":{"showFog":true,"showMaterialUpdate":true,"showSkybox":false,"showFlares":true,"showImageEffects":true,"showParticleSystems":true},"in2DMode":false,"pivot":{"x":4.190000057220459,"y":4.6596808433532719,"z":-0.009999990463256836},"rotation":{"x":0.09819092601537705,"y":0.03134225681424141,"z":-0.003094096900895238,"w":0.9946703314781189},"size":1.8795323371887208,"orthographic":false}