{"cameraMode":{"drawMode":2,"name":"Shaded Wireframe","section":"Shading Mode"},"sceneLighting":false,"audioPlay":false,"sceneViewState":{"showFog":true,"showMaterialUpdate":true,"showSkybox":false,"showFlares":true,"showImageEffects":true,"showParticleSystems":true},"in2DMode":false,"pivot":{"x":-0.0019998550415039064,"y":0.0,"z":22.27884864807129},"rotation":{"x":0.3004652261734009,"y":0.20670506358146668,"z":-0.0668744370341301,"w":0.9287207722663879},"size":13.816618919372559,"orthographic":false}