{"cameraMode":{"drawMode":2,"name":"Shaded Wireframe","section":"Shading Mode"},"sceneLighting":false,"audioPlay":false,"sceneViewState":{"showFog":true,"showMaterialUpdate":true,"showSkybox":false,"showFlares":true,"showImageEffects":true,"showParticleSystems":true},"in2DMode":false,"pivot":{"x":364.60528564453127,"y":270.88275146484377,"z":-6.36370849609375},"rotation":{"x":0.035283055156469348,"y":0.0778721496462822,"z":-0.002757604466751218,"w":0.9963353872299194},"size":199.71426391601563,"orthographic":false}