{"cameraMode":{"drawMode":2,"name":"Shaded Wireframe","section":"Shading Mode"},"sceneLighting":true,"audioPlay":false,"sceneViewState":{"showFog":true,"showMaterialUpdate":true,"showSkybox":true,"showFlares":true,"showImageEffects":true,"showParticleSystems":true},"in2DMode":false,"pivot":{"x":-6.973474502563477,"y":15.221546173095704,"z":-6.595122337341309},"rotation":{"x":0.1652040034532547,"y":0.46273189783096316,"z":-0.08822410553693772,"w":0.8664895296096802},"size":5.593898773193359,"orthographic":false}