{"cameraMode":{"drawMode":2,"name":"Shaded Wireframe","section":"Shading Mode"},"sceneLighting":false,"audioPlay":false,"sceneViewState":{"showFog":true,"showMaterialUpdate":true,"showSkybox":false,"showFlares":true,"showImageEffects":true,"showParticleSystems":true},"in2DMode":false,"pivot":{"x":39.19805145263672,"y":7.6551361083984379,"z":-15.48801040649414},"rotation":{"x":0.21011418104171754,"y":0.07909397780895233,"z":-0.017056437209248544,"w":0.9743251800537109},"size":28.338041305541993,"orthographic":false}