{"cameraMode":{"drawMode":2,"name":"Shaded Wireframe","section":"Shading Mode"},"sceneLighting":false,"audioPlay":false,"sceneViewState":{"showFog":true,"showMaterialUpdate":true,"showSkybox":false,"showFlares":true,"showImageEffects":true,"showParticleSystems":true},"in2DMode":false,"pivot":{"x":16.25743865966797,"y":-1.0582002401351929,"z":-0.49458885192871096},"rotation":{"x":0.09819092601537705,"y":0.03134225681424141,"z":-0.003094096900895238,"w":0.9946703314781189},"size":7.6298041343688969,"orthographic":false}