{"cameraMode":{"drawMode":2,"name":"Shaded Wireframe","section":"Shading Mode"},"sceneLighting":false,"audioPlay":false,"sceneViewState":{"showFog":true,"showMaterialUpdate":true,"showSkybox":false,"showFlares":true,"showImageEffects":true,"showParticleSystems":true},"in2DMode":false,"pivot":{"x":3.8084604740142824,"y":4.691516876220703,"z":1.1086677312850953},"rotation":{"x":0.1764087826013565,"y":0.3086223304271698,"z":-0.05836223065853119,"w":0.9328606724739075},"size":1.8795323371887208,"orthographic":false}