{"cameraMode":{"drawMode":2,"name":"Shaded Wireframe","section":"Shading Mode"},"sceneLighting":false,"audioPlay":false,"sceneViewState":{"showFog":true,"showMaterialUpdate":true,"showSkybox":false,"showFlares":true,"showImageEffects":true,"showParticleSystems":true},"in2DMode":false,"pivot":{"x":-2.858591318130493,"y":3.4712581634521486,"z":-0.009343504905700684},"rotation":{"x":0.11375272274017334,"y":-0.002980523044243455,"z":0.0003412592050153762,"w":0.9935045838356018},"size":0.9461387395858765,"orthographic":false}