{"cameraMode":{"drawMode":2,"name":"Shaded Wireframe","section":"Shading Mode"},"sceneLighting":true,"audioPlay":false,"sceneViewState":{"showFog":true,"showMaterialUpdate":true,"showSkybox":true,"showFlares":true,"showImageEffects":true,"showParticleSystems":true},"in2DMode":false,"pivot":{"x":42.029808044433597,"y":6.559377670288086,"z":8.852487564086914},"rotation":{"x":0.17396512627601624,"y":0.28861045837402346,"z":-0.053413379937410358,"w":0.9399935007095337},"size":19.143619537353517,"orthographic":false}