{"cameraMode":{"drawMode":2,"name":"Shaded Wireframe","section":"Shading Mode"},"sceneLighting":false,"audioPlay":false,"sceneViewState":{"showFog":true,"showMaterialUpdate":true,"showSkybox":false,"showFlares":true,"showImageEffects":true,"showParticleSystems":true},"in2DMode":false,"pivot":{"x":23.53053855895996,"y":0.3202625513076782,"z":0.09781956672668457},"rotation":{"x":0.15496733784675599,"y":0.07106435298919678,"z":-0.01118107046931982,"w":0.9853076934814453},"size":2.0868635177612306,"orthographic":false}