{"cameraMode":{"drawMode":2,"name":"Shaded Wireframe","section":"Shading Mode"},"sceneLighting":true,"audioPlay":false,"sceneViewState":{"showFog":true,"showMaterialUpdate":true,"showSkybox":true,"showFlares":true,"showImageEffects":true,"showParticleSystems":true},"in2DMode":false,"pivot":{"x":9.514708518981934,"y":13.344703674316407,"z":-0.3844413757324219},"rotation":{"x":-0.008999746292829514,"y":-0.0029997797682881357,"z":-0.000027418423997005448,"w":0.9999589920043945},"size":21.501937866210939,"orthographic":false}