{"cameraMode":{"drawMode":2,"name":"Shaded Wireframe","section":"Shading Mode"},"sceneLighting":true,"audioPlay":false,"sceneViewState":{"showFog":true,"showMaterialUpdate":true,"showSkybox":false,"showFlares":true,"showImageEffects":true,"showParticleSystems":true},"in2DMode":false,"pivot":{"x":-1.7437686920166016,"y":5.810449600219727,"z":19.344371795654298},"rotation":{"x":0.1147715374827385,"y":0.41802313923835757,"z":-0.053332455456256869,"w":0.8995814323425293},"size":12.020903587341309,"orthographic":false}