{"cameraMode":{"drawMode":2,"name":"Shaded Wireframe","section":"Shading Mode"},"sceneLighting":false,"audioPlay":false,"sceneViewState":{"showFog":true,"showMaterialUpdate":true,"showSkybox":false,"showFlares":true,"showImageEffects":true,"showParticleSystems":true},"in2DMode":false,"pivot":{"x":-2.6547045707702638,"y":4.0747599601745609,"z":0.6040000915527344},"rotation":{"x":0.27672892808914187,"y":0.02680402435362339,"z":-0.00772249698638916,"w":0.960545003414154},"size":11.898869514465332,"orthographic":false}